<?xml version="1.0" encoding="UTF-8"?>
<project-private xmlns="http://www.netbeans.org/ns/project-private/1">
    <editor-bookmarks xmlns="http://www.netbeans.org/ns/editor-bookmarks/2" lastBookmarkId="0"/>
    <open-files xmlns="http://www.netbeans.org/ns/projectui-open-files/2">
        <group>
            <file>file:/C:/Users/emins/OneDrive/Documents/NetBeansProjects/NearestValue/src/NumberSubstraction.java</file>
            <file>file:/C:/Users/emins/OneDrive/Documents/NetBeansProjects/NearestValue/src/StringOperation.java</file>
            <file>file:/C:/Users/emins/OneDrive/Documents/NetBeansProjects/NearestValue/src/Operation.java</file>
            <file>file:/C:/Users/emins/OneDrive/Documents/NetBeansProjects/NearestValue/src/NumberNode.java</file>
            <file>file:/C:/Users/emins/OneDrive/Documents/NetBeansProjects/NearestValue/src/NumberMultiplication.java</file>
            <file>file:/C:/Users/emins/OneDrive/Documents/NetBeansProjects/NearestValue/src/StringNode.java</file>
            <file>file:/C:/Users/emins/OneDrive/Documents/NetBeansProjects/NearestValue/src/NumberAddition.java</file>
            <file>file:/C:/Users/emins/OneDrive/Documents/NetBeansProjects/NearestValue/src/NumberOperation.java</file>
            <file>file:/C:/Users/emins/OneDrive/Documents/NetBeansProjects/NearestValue/src/NearestValue.java</file>
        </group>
    </open-files>
</project-private>
