<?xml version="1.0" encoding="UTF-8"?>
<project-private xmlns="http://www.netbeans.org/ns/project-private/1">
    <editor-bookmarks xmlns="http://www.netbeans.org/ns/editor-bookmarks/2" lastBookmarkId="0"/>
    <open-files xmlns="http://www.netbeans.org/ns/projectui-open-files/2">
        <group>
            <file>file:/C:/Users/emins/OneDrive/Documents/NetBeansProjects/Solution/src/Solution/Distance.java</file>
            <file>file:/C:/Users/emins/OneDrive/Documents/NetBeansProjects/Solution/src/Solution/OperatorTest.java</file>
            <file>file:/C:/Users/emins/OneDrive/Documents/NetBeansProjects/Solution/src/Solution/IntOperator.java</file>
            <file>file:/C:/Users/emins/OneDrive/Documents/NetBeansProjects/Solution/src/Solution/Operator.java</file>
            <file>file:/C:/Users/emins/OneDrive/Documents/NetBeansProjects/Solution/src/Solution/OpSolver.java</file>
            <file>file:/C:/Users/emins/OneDrive/Documents/NetBeansProjects/Solution/src/Solution/StrOperator.java</file>
        </group>
    </open-files>
</project-private>
